<?xml version="1.0" encoding="UTF-8"?>
<project-private xmlns="http://www.netbeans.org/ns/project-private/1">
    <editor-bookmarks xmlns="http://www.netbeans.org/ns/editor-bookmarks/2" lastBookmarkId="0"/>
    <open-files xmlns="http://www.netbeans.org/ns/projectui-open-files/2">
        <group>
            <file>file:/C:/Users/World/Documents/NetBeansProjects/TaskManagement/src/Entities/TaskType.java</file>
            <file>file:/C:/Users/World/Documents/NetBeansProjects/TaskManagement/src/Ultility/Tool.java</file>
            <file>file:/C:/Users/World/Documents/NetBeansProjects/TaskManagement/src/Main.java</file>
            <file>file:/C:/Users/World/Documents/NetBeansProjects/TaskManagement/src/View/View.java</file>
            <file>file:/C:/Users/World/Documents/NetBeansProjects/TaskManagement/src/Model/Model.java</file>
            <file>file:/C:/Users/World/Documents/NetBeansProjects/TaskManagement/src/Controller/DataCollector.java</file>
            <file>file:/C:/Users/World/Documents/NetBeansProjects/TaskManagement/src/Controller/Controller.java</file>
        </group>
    </open-files>
</project-private>
